﻿{"inkVersion":21,"root":[[{"->":"first"},["done",{"#f":5,"#n":"g-0"}],null],"done",{"first":["^Ah, traveller. It's been a long time.","\n",{"->":"second"},{"#f":1}],"second":["^I have travelled these lands for many decades.","\n",{"->":"choice"},{"#f":1}],"choice":[["^Which direction should I next tavel?","\n","ev","str","^North","/str","/ev",{"*":".^.c-0","flg":4},"ev","str","^South","/str","/ev",{"*":".^.c-1","flg":4},"ev","str","^Don't Care Mate","/str","/ev",{"*":".^.c-2","flg":4},{"c-0":["\n","ev","str","^north","/str","/ev",{"->":"chosen"},{"#f":5}],"c-1":["\n","ev","str","^south","/str","/ev",{"->":"chosen"},{"#f":5}],"c-2":["\n","ev","str","^up my own butt","/str","/ev",{"->":"chosen"},{"#f":5}]}],{"#f":1}],"chosen":[{"temp=":"direction"},"^I see... You think I should travel ","ev",{"VAR?":"direction"},"out","/ev","\n",{"->":"ending"},{"#f":1}],"ending":["^I shall consider your words","\n","end",{"#f":1}],"#f":1}],"listDefs":{}}